{"cameraMode":{"drawMode":0,"name":"Shaded","section":"Shading Mode"},"sceneLighting":false,"audioPlay":false,"sceneViewState":{"showFog":true,"showMaterialUpdate":false,"showSkybox":false,"showFlares":true,"showImageEffects":true,"showParticleSystems":true},"in2DMode":false,"pivot":{"x":-8.77297592163086,"y":10.790117263793946,"z":-7.228700637817383},"rotation":{"x":-0.325435608625412,"y":-0.35003533959388735,"z":0.131154403090477,"w":-0.8685421943664551},"size":2.878016948699951,"orthographic":true}